"country","category_name","month","video_count","avg_engagement_rate"
"India","Autos & Vehicles","2020-08-01 00:00:00",27,0.0333
"India","Autos & Vehicles","2020-09-01 00:00:00",46,0.0324
"India","Autos & Vehicles","2020-10-01 00:00:00",18,0.0196
"India","Autos & Vehicles","2020-11-01 00:00:00",36,0.0287
"India","Autos & Vehicles","2020-12-01 00:00:00",17,0.0939
"India","Autos & Vehicles","2021-01-01 00:00:00",36,0.0535
"India","Autos & Vehicles","2021-02-01 00:00:00",18,0.0347
"India","Autos & Vehicles","2021-03-01 00:00:00",26,0.0431
"India","Autos & Vehicles","2021-04-01 00:00:00",24,0.0546
"India","Autos & Vehicles","2021-05-01 00:00:00",10,0.0709
"India","Autos & Vehicles","2021-06-01 00:00:00",71,0.0440
"India","Autos & Vehicles","2021-07-01 00:00:00",26,0.0532
"India","Autos & Vehicles","2021-08-01 00:00:00",52,0.0290
"India","Autos & Vehicles","2021-09-01 00:00:00",38,0.0499
"India","Autos & Vehicles","2021-10-01 00:00:00",55,0.0701
"India","Autos & Vehicles","2021-11-01 00:00:00",54,0.0512
"India","Autos & Vehicles","2021-12-01 00:00:00",43,0.0457
"India","Autos & Vehicles","2022-01-01 00:00:00",52,0.0525
"India","Autos & Vehicles","2022-02-01 00:00:00",23,0.0723
"India","Autos & Vehicles","2022-03-01 00:00:00",15,0.0279
"India","Autos & Vehicles","2022-04-01 00:00:00",38,0.0358
"India","Autos & Vehicles","2022-05-01 00:00:00",26,0.0468
"India","Autos & Vehicles","2022-06-01 00:00:00",37,0.0299
"India","Autos & Vehicles","2022-07-01 00:00:00",50,0.0354
"India","Autos & Vehicles","2022-08-01 00:00:00",26,0.0655
"India","Autos & Vehicles","2022-09-01 00:00:00",20,0.0390
"India","Autos & Vehicles","2022-10-01 00:00:00",36,0.0407
"India","Autos & Vehicles","2022-11-01 00:00:00",40,0.0253
"India","Autos & Vehicles","2022-12-01 00:00:00",34,0.0213
"India","Autos & Vehicles","2023-01-01 00:00:00",42,0.0275
"India","Autos & Vehicles","2023-02-01 00:00:00",37,0.0251
"India","Autos & Vehicles","2023-03-01 00:00:00",44,0.0327
"India","Autos & Vehicles","2023-04-01 00:00:00",21,0.0105
"India","Autos & Vehicles","2023-05-01 00:00:00",34,0.0258
"India","Autos & Vehicles","2023-06-01 00:00:00",47,0.0471
"India","Autos & Vehicles","2023-07-01 00:00:00",72,0.0218
"India","Autos & Vehicles","2023-08-01 00:00:00",24,0.0205
"India","Autos & Vehicles","2023-09-01 00:00:00",66,0.0213
"India","Autos & Vehicles","2023-10-01 00:00:00",30,0.0269
"India","Autos & Vehicles","2023-11-01 00:00:00",21,0.0195
"India","Autos & Vehicles","2023-12-01 00:00:00",29,0.0105
"India","Autos & Vehicles","2024-01-01 00:00:00",54,0.0226
"India","Autos & Vehicles","2024-02-01 00:00:00",41,0.0118
"India","Autos & Vehicles","2024-03-01 00:00:00",28,0.0112
"India","Autos & Vehicles","2024-04-01 00:00:00",13,0.0179
"India","Comedy","2020-08-01 00:00:00",304,0.0963
"India","Comedy","2020-09-01 00:00:00",599,0.0809
"India","Comedy","2020-10-01 00:00:00",493,0.1012
"India","Comedy","2020-11-01 00:00:00",395,0.0931
"India","Comedy","2020-12-01 00:00:00",481,0.1012
"India","Comedy","2021-01-01 00:00:00",534,0.0810
"India","Comedy","2021-02-01 00:00:00",373,0.0864
"India","Comedy","2021-03-01 00:00:00",432,0.0854
"India","Comedy","2021-04-01 00:00:00",355,0.0861
"India","Comedy","2021-05-01 00:00:00",372,0.1030
"India","Comedy","2021-06-01 00:00:00",726,0.0686
"India","Comedy","2021-07-01 00:00:00",446,0.0726
"India","Comedy","2021-08-01 00:00:00",416,0.0875
"India","Comedy","2021-09-01 00:00:00",356,0.0852
"India","Comedy","2021-10-01 00:00:00",389,0.0681
"India","Comedy","2021-11-01 00:00:00",349,0.0632
"India","Comedy","2021-12-01 00:00:00",399,0.0605
"India","Comedy","2022-01-01 00:00:00",482,0.0564
"India","Comedy","2022-02-01 00:00:00",551,0.0819
"India","Comedy","2022-03-01 00:00:00",637,0.0802
"India","Comedy","2022-04-01 00:00:00",589,0.0627
"India","Comedy","2022-05-01 00:00:00",560,0.0762
"India","Comedy","2022-06-01 00:00:00",528,0.0664
"India","Comedy","2022-07-01 00:00:00",558,0.0579
"India","Comedy","2022-08-01 00:00:00",596,0.0712
"India","Comedy","2022-09-01 00:00:00",562,0.0588
"India","Comedy","2022-10-01 00:00:00",380,0.0814
"India","Comedy","2022-11-01 00:00:00",319,0.0620
"India","Comedy","2022-12-01 00:00:00",280,0.0694
"India","Comedy","2023-01-01 00:00:00",295,0.0663
"India","Comedy","2023-02-01 00:00:00",293,0.1003
"India","Comedy","2023-03-01 00:00:00",391,0.0771
"India","Comedy","2023-04-01 00:00:00",255,0.0610
"India","Comedy","2023-05-01 00:00:00",364,0.0589
"India","Comedy","2023-06-01 00:00:00",318,0.0818
"India","Comedy","2023-07-01 00:00:00",369,0.0827
"India","Comedy","2023-08-01 00:00:00",291,0.0566
"India","Comedy","2023-09-01 00:00:00",226,0.0618
"India","Comedy","2023-10-01 00:00:00",235,0.0664
"India","Comedy","2023-11-01 00:00:00",295,0.0784
"India","Comedy","2023-12-01 00:00:00",391,0.0838
"India","Comedy","2024-01-01 00:00:00",274,0.0642
"India","Comedy","2024-02-01 00:00:00",280,0.0712
"India","Comedy","2024-03-01 00:00:00",290,0.0657
"India","Comedy","2024-04-01 00:00:00",127,0.0612
"India","Education","2020-08-01 00:00:00",101,0.0535
"India","Education","2020-09-01 00:00:00",78,0.0481
"India","Education","2020-10-01 00:00:00",77,0.0565
"India","Education","2020-11-01 00:00:00",99,0.0316
"India","Education","2020-12-01 00:00:00",131,0.0674
"India","Education","2021-01-01 00:00:00",118,0.0630
"India","Education","2021-02-01 00:00:00",85,0.0760
"India","Education","2021-03-01 00:00:00",132,0.0430
"India","Education","2021-04-01 00:00:00",110,0.0528
"India","Education","2021-05-01 00:00:00",82,0.0483
"India","Education","2021-06-01 00:00:00",162,0.0448
"India","Education","2021-07-01 00:00:00",139,0.0312
"India","Education","2021-08-01 00:00:00",119,0.0124
"India","Education","2021-09-01 00:00:00",191,0.0698
"India","Education","2021-10-01 00:00:00",187,0.0770
"India","Education","2021-11-01 00:00:00",226,0.0655
"India","Education","2021-12-01 00:00:00",214,0.0956
"India","Education","2022-01-01 00:00:00",173,0.0949
"India","Education","2022-02-01 00:00:00",84,0.0744
"India","Education","2022-03-01 00:00:00",148,0.0562
"India","Education","2022-04-01 00:00:00",138,0.0837
"India","Education","2022-05-01 00:00:00",161,0.0695
"India","Education","2022-06-01 00:00:00",153,0.0614
"India","Education","2022-07-01 00:00:00",103,0.0411
"India","Education","2022-08-01 00:00:00",172,0.0706
"India","Education","2022-09-01 00:00:00",128,0.0703
"India","Education","2022-10-01 00:00:00",135,0.0681
"India","Education","2022-11-01 00:00:00",125,0.0564
"India","Education","2022-12-01 00:00:00",142,0.0436
"India","Education","2023-01-01 00:00:00",135,0.0554
"India","Education","2023-02-01 00:00:00",178,0.0583
"India","Education","2023-03-01 00:00:00",167,0.0665
"India","Education","2023-04-01 00:00:00",73,0.0616
"India","Education","2023-05-01 00:00:00",143,0.0524
"India","Education","2023-06-01 00:00:00",152,0.0570
"India","Education","2023-07-01 00:00:00",127,0.0696
"India","Education","2023-08-01 00:00:00",142,0.0587
"India","Education","2023-09-01 00:00:00",121,0.0613
"India","Education","2023-10-01 00:00:00",129,0.0605
"India","Education","2023-11-01 00:00:00",146,0.0441
"India","Education","2023-12-01 00:00:00",109,0.0413
"India","Education","2024-01-01 00:00:00",154,0.0716
"India","Education","2024-02-01 00:00:00",132,0.0654
"India","Education","2024-03-01 00:00:00",101,0.0668
"India","Education","2024-04-01 00:00:00",33,0.0777
"India","Entertainment","2020-08-01 00:00:00",1444,0.0385
"India","Entertainment","2020-09-01 00:00:00",2238,0.0495
"India","Entertainment","2020-10-01 00:00:00",2535,0.0374
"India","Entertainment","2020-11-01 00:00:00",2089,0.0386
"India","Entertainment","2020-12-01 00:00:00",2293,0.0426
"India","Entertainment","2021-01-01 00:00:00",2342,0.0448
"India","Entertainment","2021-02-01 00:00:00",2026,0.0434
"India","Entertainment","2021-03-01 00:00:00",2286,0.0388
"India","Entertainment","2021-04-01 00:00:00",2312,0.0382
"India","Entertainment","2021-05-01 00:00:00",1788,0.0381
"India","Entertainment","2021-06-01 00:00:00",3518,0.0415
"India","Entertainment","2021-07-01 00:00:00",2752,0.0371
"India","Entertainment","2021-08-01 00:00:00",2313,0.0413
"India","Entertainment","2021-09-01 00:00:00",2327,0.0485
"India","Entertainment","2021-10-01 00:00:00",2181,0.0471
"India","Entertainment","2021-11-01 00:00:00",2043,0.0598
"India","Entertainment","2021-12-01 00:00:00",2084,0.0539
"India","Entertainment","2022-01-01 00:00:00",2282,0.0549
"India","Entertainment","2022-02-01 00:00:00",2116,0.0545
"India","Entertainment","2022-03-01 00:00:00",2020,0.0537
"India","Entertainment","2022-04-01 00:00:00",2225,0.0539
"India","Entertainment","2022-05-01 00:00:00",2186,0.0488
"India","Entertainment","2022-06-01 00:00:00",2010,0.0535
"India","Entertainment","2022-07-01 00:00:00",1915,0.0506
"India","Entertainment","2022-08-01 00:00:00",2109,0.0555
"India","Entertainment","2022-09-01 00:00:00",2004,0.0539
"India","Entertainment","2022-10-01 00:00:00",2167,0.0353
"India","Entertainment","2022-11-01 00:00:00",2153,0.0247
"India","Entertainment","2022-12-01 00:00:00",2079,0.0356
"India","Entertainment","2023-01-01 00:00:00",2331,0.0427
"India","Entertainment","2023-02-01 00:00:00",2134,0.0319
"India","Entertainment","2023-03-01 00:00:00",2282,0.0289
"India","Entertainment","2023-04-01 00:00:00",2361,0.0322
"India","Entertainment","2023-05-01 00:00:00",2360,0.0294
"India","Entertainment","2023-06-01 00:00:00",2288,0.0288
"India","Entertainment","2023-07-01 00:00:00",2242,0.0309
"India","Entertainment","2023-08-01 00:00:00",2303,0.0360
"India","Entertainment","2023-09-01 00:00:00",1967,0.0330
"India","Entertainment","2023-10-01 00:00:00",2279,0.0365
"India","Entertainment","2023-11-01 00:00:00",2058,0.0317
"India","Entertainment","2023-12-01 00:00:00",2103,0.0361
"India","Entertainment","2024-01-01 00:00:00",2213,0.0353
"India","Entertainment","2024-02-01 00:00:00",2269,0.0321
"India","Entertainment","2024-03-01 00:00:00",2138,0.0295
"India","Entertainment","2024-04-01 00:00:00",1099,0.0299
"India","Film & Animation","2020-08-01 00:00:00",44,0.0387
"India","Film & Animation","2020-09-01 00:00:00",56,0.0448
"India","Film & Animation","2020-10-01 00:00:00",106,0.0288
"India","Film & Animation","2020-11-01 00:00:00",99,0.0575
"India","Film & Animation","2020-12-01 00:00:00",69,0.0184
"India","Film & Animation","2021-01-01 00:00:00",153,0.0528
"India","Film & Animation","2021-02-01 00:00:00",146,0.0424
"India","Film & Animation","2021-03-01 00:00:00",222,0.0301
"India","Film & Animation","2021-04-01 00:00:00",152,0.0352
"India","Film & Animation","2021-05-01 00:00:00",60,0.0353
"India","Film & Animation","2021-06-01 00:00:00",103,0.0283
"India","Film & Animation","2021-07-01 00:00:00",98,0.0353
"India","Film & Animation","2021-08-01 00:00:00",193,0.0259
"India","Film & Animation","2021-09-01 00:00:00",72,0.0343
"India","Film & Animation","2021-10-01 00:00:00",151,0.0371
"India","Film & Animation","2021-11-01 00:00:00",120,0.0382
"India","Film & Animation","2021-12-01 00:00:00",122,0.0556
"India","Film & Animation","2022-01-01 00:00:00",121,0.0446
"India","Film & Animation","2022-02-01 00:00:00",126,0.0315
"India","Film & Animation","2022-03-01 00:00:00",205,0.0334
"India","Film & Animation","2022-04-01 00:00:00",107,0.0396
"India","Film & Animation","2022-05-01 00:00:00",219,0.0254
"India","Film & Animation","2022-06-01 00:00:00",128,0.0226
"India","Film & Animation","2022-07-01 00:00:00",169,0.0346
"India","Film & Animation","2022-08-01 00:00:00",109,0.0563
"India","Film & Animation","2022-09-01 00:00:00",143,0.0359
"India","Film & Animation","2022-10-01 00:00:00",220,0.0298
"India","Film & Animation","2022-11-01 00:00:00",106,0.0349
"India","Film & Animation","2022-12-01 00:00:00",170,0.0255
"India","Film & Animation","2023-01-01 00:00:00",236,0.0348
"India","Film & Animation","2023-02-01 00:00:00",154,0.0237
"India","Film & Animation","2023-03-01 00:00:00",113,0.0221
"India","Film & Animation","2023-04-01 00:00:00",203,0.0173
"India","Film & Animation","2023-05-01 00:00:00",214,0.0210
"India","Film & Animation","2023-06-01 00:00:00",164,0.0189
"India","Film & Animation","2023-07-01 00:00:00",220,0.0207
"India","Film & Animation","2023-08-01 00:00:00",180,0.0203
"India","Film & Animation","2023-09-01 00:00:00",169,0.0186
"India","Film & Animation","2023-10-01 00:00:00",188,0.0376
"India","Film & Animation","2023-11-01 00:00:00",162,0.0274
"India","Film & Animation","2023-12-01 00:00:00",158,0.0329
"India","Film & Animation","2024-01-01 00:00:00",169,0.0250
"India","Film & Animation","2024-02-01 00:00:00",169,0.0188
"India","Film & Animation","2024-03-01 00:00:00",149,0.0141
"India","Film & Animation","2024-04-01 00:00:00",54,0.0395
"India","Gaming","2020-08-01 00:00:00",33,0.0833
"India","Gaming","2020-09-01 00:00:00",99,0.0579
"India","Gaming","2020-10-01 00:00:00",48,0.0831
"India","Gaming","2020-11-01 00:00:00",97,0.0957
"India","Gaming","2020-12-01 00:00:00",92,0.0753
"India","Gaming","2021-01-01 00:00:00",64,0.1379
"India","Gaming","2021-02-01 00:00:00",79,0.0807
"India","Gaming","2021-03-01 00:00:00",120,0.0947
"India","Gaming","2021-04-01 00:00:00",155,0.0799
"India","Gaming","2021-05-01 00:00:00",181,0.0676
"India","Gaming","2021-06-01 00:00:00",457,0.0906
"India","Gaming","2021-07-01 00:00:00",226,0.1024
"India","Gaming","2021-08-01 00:00:00",234,0.0980
"India","Gaming","2021-09-01 00:00:00",474,0.1052
"India","Gaming","2021-10-01 00:00:00",549,0.0861
"India","Gaming","2021-11-01 00:00:00",475,0.0869
"India","Gaming","2021-12-01 00:00:00",548,0.0906
"India","Gaming","2022-01-01 00:00:00",590,0.0914
"India","Gaming","2022-02-01 00:00:00",399,0.0969
"India","Gaming","2022-03-01 00:00:00",448,0.0923
"India","Gaming","2022-04-01 00:00:00",487,0.0904
"India","Gaming","2022-05-01 00:00:00",530,0.1088
"India","Gaming","2022-06-01 00:00:00",545,0.1047
"India","Gaming","2022-07-01 00:00:00",397,0.1046
"India","Gaming","2022-08-01 00:00:00",376,0.1029
"India","Gaming","2022-09-01 00:00:00",315,0.0862
"India","Gaming","2022-10-01 00:00:00",443,0.0814
"India","Gaming","2022-11-01 00:00:00",370,0.0827
"India","Gaming","2022-12-01 00:00:00",443,0.0749
"India","Gaming","2023-01-01 00:00:00",363,0.0731
"India","Gaming","2023-02-01 00:00:00",295,0.0845
"India","Gaming","2023-03-01 00:00:00",377,0.0738
"India","Gaming","2023-04-01 00:00:00",335,0.0784
"India","Gaming","2023-05-01 00:00:00",396,0.0739
"India","Gaming","2023-06-01 00:00:00",472,0.0770
"India","Gaming","2023-07-01 00:00:00",327,0.0644
"India","Gaming","2023-08-01 00:00:00",358,0.0716
"India","Gaming","2023-09-01 00:00:00",325,0.0776
"India","Gaming","2023-10-01 00:00:00",346,0.0732
"India","Gaming","2023-11-01 00:00:00",305,0.0659
"India","Gaming","2023-12-01 00:00:00",342,0.0791
"India","Gaming","2024-01-01 00:00:00",341,0.0818
"India","Gaming","2024-02-01 00:00:00",294,0.0695
"India","Gaming","2024-03-01 00:00:00",375,0.0527
"India","Gaming","2024-04-01 00:00:00",210,0.0418
"India","Howto & Style","2020-08-01 00:00:00",199,0.0634
"India","Howto & Style","2020-09-01 00:00:00",255,0.0474
"India","Howto & Style","2020-10-01 00:00:00",197,0.0347
"India","Howto & Style","2020-11-01 00:00:00",201,0.0493
"India","Howto & Style","2020-12-01 00:00:00",238,0.0361
"India","Howto & Style","2021-01-01 00:00:00",200,0.0427
"India","Howto & Style","2021-02-01 00:00:00",144,0.0526
"India","Howto & Style","2021-03-01 00:00:00",260,0.0384
"India","Howto & Style","2021-04-01 00:00:00",165,0.0438
"India","Howto & Style","2021-05-01 00:00:00",137,0.0495
"India","Howto & Style","2021-06-01 00:00:00",276,0.0518
"India","Howto & Style","2021-07-01 00:00:00",156,0.0580
"India","Howto & Style","2021-08-01 00:00:00",124,0.0613
"India","Howto & Style","2021-09-01 00:00:00",164,0.0646
"India","Howto & Style","2021-10-01 00:00:00",188,0.0413
"India","Howto & Style","2021-11-01 00:00:00",188,0.0462
"India","Howto & Style","2021-12-01 00:00:00",208,0.0709
"India","Howto & Style","2022-01-01 00:00:00",170,0.0790
"India","Howto & Style","2022-02-01 00:00:00",149,0.0778
"India","Howto & Style","2022-03-01 00:00:00",160,0.0661
"India","Howto & Style","2022-04-01 00:00:00",193,0.0615
"India","Howto & Style","2022-05-01 00:00:00",144,0.0553
"India","Howto & Style","2022-06-01 00:00:00",167,0.0715
"India","Howto & Style","2022-07-01 00:00:00",223,0.0642
"India","Howto & Style","2022-08-01 00:00:00",241,0.0724
"India","Howto & Style","2022-09-01 00:00:00",237,0.0589
"India","Howto & Style","2022-10-01 00:00:00",161,0.0433
"India","Howto & Style","2022-11-01 00:00:00",155,0.0333
"India","Howto & Style","2022-12-01 00:00:00",208,0.0327
"India","Howto & Style","2023-01-01 00:00:00",226,0.0256
"India","Howto & Style","2023-02-01 00:00:00",134,0.0341
"India","Howto & Style","2023-03-01 00:00:00",192,0.0325
"India","Howto & Style","2023-04-01 00:00:00",172,0.0263
"India","Howto & Style","2023-05-01 00:00:00",133,0.0365
"India","Howto & Style","2023-06-01 00:00:00",177,0.0292
"India","Howto & Style","2023-07-01 00:00:00",162,0.0252
"India","Howto & Style","2023-08-01 00:00:00",138,0.0262
"India","Howto & Style","2023-09-01 00:00:00",155,0.0334
"India","Howto & Style","2023-10-01 00:00:00",157,0.0377
"India","Howto & Style","2023-11-01 00:00:00",188,0.0327
"India","Howto & Style","2023-12-01 00:00:00",169,0.0307
"India","Howto & Style","2024-01-01 00:00:00",152,0.0241
"India","Howto & Style","2024-02-01 00:00:00",179,0.0323
"India","Howto & Style","2024-03-01 00:00:00",168,0.0306
"India","Howto & Style","2024-04-01 00:00:00",55,0.0484
"India","Music","2020-08-01 00:00:00",803,0.0829
"India","Music","2020-09-01 00:00:00",1013,0.0701
"India","Music","2020-10-01 00:00:00",1072,0.0660
"India","Music","2020-11-01 00:00:00",1116,0.0694
"India","Music","2020-12-01 00:00:00",810,0.0417
"India","Music","2021-01-01 00:00:00",902,0.0702
"India","Music","2021-02-01 00:00:00",804,0.0487
"India","Music","2021-03-01 00:00:00",1167,0.0491
"India","Music","2021-04-01 00:00:00",816,0.0569
"India","Music","2021-05-01 00:00:00",606,0.0611
"India","Music","2021-06-01 00:00:00",1162,0.0654
"India","Music","2021-07-01 00:00:00",876,0.0545
"India","Music","2021-08-01 00:00:00",962,0.0419
"India","Music","2021-09-01 00:00:00",949,0.0738
"India","Music","2021-10-01 00:00:00",786,0.0599
"India","Music","2021-11-01 00:00:00",789,0.0487
"India","Music","2021-12-01 00:00:00",666,0.0483
"India","Music","2022-01-01 00:00:00",614,0.0402
"India","Music","2022-02-01 00:00:00",596,0.0399
"India","Music","2022-03-01 00:00:00",664,0.0483
"India","Music","2022-04-01 00:00:00",593,0.0466
"India","Music","2022-05-01 00:00:00",572,0.0504
"India","Music","2022-06-01 00:00:00",471,0.0945
"India","Music","2022-07-01 00:00:00",568,0.0575
"India","Music","2022-08-01 00:00:00",503,0.0705
"India","Music","2022-09-01 00:00:00",468,0.0504
"India","Music","2022-10-01 00:00:00",794,0.0442
"India","Music","2022-11-01 00:00:00",883,0.0436
"India","Music","2022-12-01 00:00:00",730,0.0423
"India","Music","2023-01-01 00:00:00",697,0.0383
"India","Music","2023-02-01 00:00:00",650,0.0305
"India","Music","2023-03-01 00:00:00",761,0.0579
"India","Music","2023-04-01 00:00:00",606,0.0637
"India","Music","2023-05-01 00:00:00",624,0.0283
"India","Music","2023-06-01 00:00:00",582,0.0453
"India","Music","2023-07-01 00:00:00",670,0.0649
"India","Music","2023-08-01 00:00:00",630,0.0593
"India","Music","2023-09-01 00:00:00",705,0.0620
"India","Music","2023-10-01 00:00:00",801,0.0716
"India","Music","2023-11-01 00:00:00",671,0.0509
"India","Music","2023-12-01 00:00:00",569,0.0401
"India","Music","2024-01-01 00:00:00",583,0.0432
"India","Music","2024-02-01 00:00:00",535,0.0421
"India","Music","2024-03-01 00:00:00",508,0.0434
"India","Music","2024-04-01 00:00:00",262,0.0400
"India","News & Politics","2020-08-01 00:00:00",202,0.0319
"India","News & Politics","2020-09-01 00:00:00",258,0.0349
"India","News & Politics","2020-10-01 00:00:00",249,0.0284
"India","News & Politics","2020-11-01 00:00:00",272,0.0247
"India","News & Politics","2020-12-01 00:00:00",222,0.0260
"India","News & Politics","2021-01-01 00:00:00",228,0.0232
"India","News & Politics","2021-02-01 00:00:00",172,0.0279
"India","News & Politics","2021-03-01 00:00:00",198,0.0201
"India","News & Politics","2021-04-01 00:00:00",268,0.0226
"India","News & Politics","2021-05-01 00:00:00",135,0.0170
"India","News & Politics","2021-06-01 00:00:00",160,0.0328
"India","News & Politics","2021-07-01 00:00:00",155,0.0349
"India","News & Politics","2021-08-01 00:00:00",166,0.0211
"India","News & Politics","2021-09-01 00:00:00",160,0.0178
"India","News & Politics","2021-10-01 00:00:00",135,0.0167
"India","News & Politics","2021-11-01 00:00:00",124,0.0177
"India","News & Politics","2021-12-01 00:00:00",212,0.0130
"India","News & Politics","2022-01-01 00:00:00",107,0.0190
"India","News & Politics","2022-02-01 00:00:00",137,0.0262
"India","News & Politics","2022-03-01 00:00:00",155,0.0173
"India","News & Politics","2022-04-01 00:00:00",111,0.0163
"India","News & Politics","2022-05-01 00:00:00",85,0.0190
"India","News & Politics","2022-06-01 00:00:00",152,0.0271
"India","News & Politics","2022-07-01 00:00:00",106,0.0179
"India","News & Politics","2022-08-01 00:00:00",106,0.0200
"India","News & Politics","2022-09-01 00:00:00",76,0.0192
"India","News & Politics","2022-10-01 00:00:00",100,0.0121
"India","News & Politics","2022-11-01 00:00:00",159,0.0094
"India","News & Politics","2022-12-01 00:00:00",153,0.0160
"India","News & Politics","2023-01-01 00:00:00",169,0.0161
"India","News & Politics","2023-02-01 00:00:00",173,0.0242
"India","News & Politics","2023-03-01 00:00:00",150,0.0147
"India","News & Politics","2023-04-01 00:00:00",128,0.0263
"India","News & Politics","2023-05-01 00:00:00",246,0.0174
"India","News & Politics","2023-06-01 00:00:00",248,0.0144
"India","News & Politics","2023-07-01 00:00:00",218,0.0149
"India","News & Politics","2023-08-01 00:00:00",263,0.0253
"India","News & Politics","2023-09-01 00:00:00",186,0.0162
"India","News & Politics","2023-10-01 00:00:00",105,0.0123
"India","News & Politics","2023-11-01 00:00:00",135,0.0243
"India","News & Politics","2023-12-01 00:00:00",194,0.0113
"India","News & Politics","2024-01-01 00:00:00",251,0.0274
"India","News & Politics","2024-02-01 00:00:00",113,0.0145
"India","News & Politics","2024-03-01 00:00:00",147,0.0127
"India","News & Politics","2024-04-01 00:00:00",54,0.0306
"India","Nonprofits & Activism","2020-08-01 00:00:00",13,0.0064
"India","Nonprofits & Activism","2020-09-01 00:00:00",3,0.2269
"India","Nonprofits & Activism","2021-06-01 00:00:00",11,0.0697
"India","Nonprofits & Activism","2021-07-01 00:00:00",6,0.0288
"India","Nonprofits & Activism","2021-08-01 00:00:00",1,0.1277
"India","Nonprofits & Activism","2021-09-01 00:00:00",7,0.1188
"India","Nonprofits & Activism","2022-01-01 00:00:00",10,0.0565
"India","Nonprofits & Activism","2022-04-01 00:00:00",2,0.0703
"India","Nonprofits & Activism","2022-05-01 00:00:00",8,0.0525
"India","Nonprofits & Activism","2022-06-01 00:00:00",5,0.0522
"India","Nonprofits & Activism","2022-07-01 00:00:00",1,0.0451
"India","Nonprofits & Activism","2022-08-01 00:00:00",5,0.1129
"India","Nonprofits & Activism","2022-09-01 00:00:00",1,0.0617
"India","Nonprofits & Activism","2023-01-01 00:00:00",2,0.1201
"India","Nonprofits & Activism","2023-09-01 00:00:00",4,0.0330
"India","Nonprofits & Activism","2023-12-01 00:00:00",5,0.1006
"India","Nonprofits & Activism","2024-02-01 00:00:00",6,0.0295
"India","People & Blogs","2020-08-01 00:00:00",326,0.0716
"India","People & Blogs","2020-09-01 00:00:00",531,0.0596
"India","People & Blogs","2020-10-01 00:00:00",479,0.0619
"India","People & Blogs","2020-11-01 00:00:00",488,0.0714
"India","People & Blogs","2020-12-01 00:00:00",621,0.0659
"India","People & Blogs","2021-01-01 00:00:00",530,0.0647
"India","People & Blogs","2021-02-01 00:00:00",549,0.0801
"India","People & Blogs","2021-03-01 00:00:00",729,0.0548
"India","People & Blogs","2021-04-01 00:00:00",673,0.0538
"India","People & Blogs","2021-05-01 00:00:00",665,0.0409
"India","People & Blogs","2021-06-01 00:00:00",1177,0.0224
"India","People & Blogs","2021-07-01 00:00:00",835,0.0533
"India","People & Blogs","2021-08-01 00:00:00",741,0.0651
"India","People & Blogs","2021-09-01 00:00:00",793,0.0758
"India","People & Blogs","2021-10-01 00:00:00",1085,0.0673
"India","People & Blogs","2021-11-01 00:00:00",1158,0.0651
"India","People & Blogs","2021-12-01 00:00:00",1150,0.0664
"India","People & Blogs","2022-01-01 00:00:00",1202,0.0721
"India","People & Blogs","2022-02-01 00:00:00",1108,0.0736
"India","People & Blogs","2022-03-01 00:00:00",1306,0.0705
"India","People & Blogs","2022-04-01 00:00:00",1227,0.0760
"India","People & Blogs","2022-05-01 00:00:00",1263,0.0682
"India","People & Blogs","2022-06-01 00:00:00",1401,0.0740
"India","People & Blogs","2022-07-01 00:00:00",1631,0.0638
"India","People & Blogs","2022-08-01 00:00:00",1592,0.0640
"India","People & Blogs","2022-09-01 00:00:00",1594,0.0639
"India","People & Blogs","2022-10-01 00:00:00",955,0.0707
"India","People & Blogs","2022-11-01 00:00:00",924,0.0557
"India","People & Blogs","2022-12-01 00:00:00",978,0.0686
"India","People & Blogs","2023-01-01 00:00:00",985,0.0684
"India","People & Blogs","2023-02-01 00:00:00",825,0.0673
"India","People & Blogs","2023-03-01 00:00:00",875,0.0680
"India","People & Blogs","2023-04-01 00:00:00",849,0.0615
"India","People & Blogs","2023-05-01 00:00:00",937,0.0618
"India","People & Blogs","2023-06-01 00:00:00",871,0.0693
"India","People & Blogs","2023-07-01 00:00:00",749,0.0649
"India","People & Blogs","2023-08-01 00:00:00",919,0.0785
"India","People & Blogs","2023-09-01 00:00:00",755,0.0719
"India","People & Blogs","2023-10-01 00:00:00",784,0.0651
"India","People & Blogs","2023-11-01 00:00:00",916,0.0558
"India","People & Blogs","2023-12-01 00:00:00",783,0.0634
"India","People & Blogs","2024-01-01 00:00:00",936,0.0669
"India","People & Blogs","2024-02-01 00:00:00",936,0.0545
"India","People & Blogs","2024-03-01 00:00:00",888,0.0610
"India","People & Blogs","2024-04-01 00:00:00",360,0.0653
"India","Pets & Animals","2021-05-01 00:00:00",1,0.0859
"India","Pets & Animals","2021-06-01 00:00:00",12,0.0273
"India","Pets & Animals","2021-08-01 00:00:00",4,0.0627
"India","Pets & Animals","2021-09-01 00:00:00",4,0.0741
"India","Pets & Animals","2021-11-01 00:00:00",3,0.0955
"India","Pets & Animals","2021-12-01 00:00:00",2,0.0796
"India","Pets & Animals","2022-02-01 00:00:00",4,0.0596
"India","Pets & Animals","2022-03-01 00:00:00",7,0.0633
"India","Pets & Animals","2022-04-01 00:00:00",12,0.0635
"India","Pets & Animals","2022-05-01 00:00:00",7,0.0718
"India","Pets & Animals","2022-06-01 00:00:00",2,0.0683
"India","Pets & Animals","2022-07-01 00:00:00",21,0.0572
"India","Pets & Animals","2022-09-01 00:00:00",8,0.0409
"India","Pets & Animals","2023-01-01 00:00:00",5,0.0204
"India","Pets & Animals","2023-03-01 00:00:00",3,0.0093
"India","Pets & Animals","2023-05-01 00:00:00",6,0.0544
"India","Pets & Animals","2023-08-01 00:00:00",4,0.0182
"India","Pets & Animals","2023-09-01 00:00:00",5,0.0454
"India","Science & Technology","2020-08-01 00:00:00",139,0.0360
"India","Science & Technology","2020-09-01 00:00:00",348,0.0462
"India","Science & Technology","2020-10-01 00:00:00",225,0.0332
"India","Science & Technology","2020-11-01 00:00:00",186,0.0669
"India","Science & Technology","2020-12-01 00:00:00",256,0.0415
"India","Science & Technology","2021-01-01 00:00:00",264,0.0804
"India","Science & Technology","2021-02-01 00:00:00",213,0.0699
"India","Science & Technology","2021-03-01 00:00:00",261,0.0756
"India","Science & Technology","2021-04-01 00:00:00",183,0.0728
"India","Science & Technology","2021-05-01 00:00:00",141,0.0525
"India","Science & Technology","2021-06-01 00:00:00",298,0.0680
"India","Science & Technology","2021-07-01 00:00:00",190,0.0697
"India","Science & Technology","2021-08-01 00:00:00",172,0.0947
"India","Science & Technology","2021-09-01 00:00:00",180,0.0788
"India","Science & Technology","2021-10-01 00:00:00",172,0.1130
"India","Science & Technology","2021-11-01 00:00:00",100,0.1225
"India","Science & Technology","2021-12-01 00:00:00",196,0.1064
"India","Science & Technology","2022-01-01 00:00:00",178,0.0984
"India","Science & Technology","2022-02-01 00:00:00",129,0.0871
"India","Science & Technology","2022-03-01 00:00:00",167,0.0924
"India","Science & Technology","2022-04-01 00:00:00",113,0.0991
"India","Science & Technology","2022-05-01 00:00:00",250,0.1047
"India","Science & Technology","2022-06-01 00:00:00",210,0.0877
"India","Science & Technology","2022-07-01 00:00:00",195,0.0746
"India","Science & Technology","2022-08-01 00:00:00",175,0.0837
"India","Science & Technology","2022-09-01 00:00:00",285,0.0712
"India","Science & Technology","2022-10-01 00:00:00",157,0.0978
"India","Science & Technology","2022-11-01 00:00:00",103,0.0805
"India","Science & Technology","2022-12-01 00:00:00",139,0.0974
"India","Science & Technology","2023-01-01 00:00:00",95,0.0824
"India","Science & Technology","2023-02-01 00:00:00",91,0.0535
"India","Science & Technology","2023-03-01 00:00:00",122,0.0665
"India","Science & Technology","2023-04-01 00:00:00",125,0.0780
"India","Science & Technology","2023-05-01 00:00:00",140,0.0889
"India","Science & Technology","2023-06-01 00:00:00",109,0.0414
"India","Science & Technology","2023-07-01 00:00:00",153,0.0543
"India","Science & Technology","2023-08-01 00:00:00",128,0.0509
"India","Science & Technology","2023-09-01 00:00:00",173,0.0402
"India","Science & Technology","2023-10-01 00:00:00",119,0.0782
"India","Science & Technology","2023-11-01 00:00:00",99,0.0593
"India","Science & Technology","2023-12-01 00:00:00",102,0.0600
"India","Science & Technology","2024-01-01 00:00:00",167,0.0712
"India","Science & Technology","2024-02-01 00:00:00",123,0.0770
"India","Science & Technology","2024-03-01 00:00:00",136,0.0627
"India","Science & Technology","2024-04-01 00:00:00",59,0.0873
"India","Sports","2020-08-01 00:00:00",156,0.0475
"India","Sports","2020-09-01 00:00:00",226,0.0310
"India","Sports","2020-10-01 00:00:00",146,0.0407
"India","Sports","2020-11-01 00:00:00",206,0.0378
"India","Sports","2020-12-01 00:00:00",230,0.0231
"India","Sports","2021-01-01 00:00:00",292,0.0296
"India","Sports","2021-02-01 00:00:00",174,0.0396
"India","Sports","2021-03-01 00:00:00",265,0.0329
"India","Sports","2021-04-01 00:00:00",173,0.0350
"India","Sports","2021-05-01 00:00:00",72,0.0368
"India","Sports","2021-06-01 00:00:00",255,0.0273
"India","Sports","2021-07-01 00:00:00",206,0.0257
"India","Sports","2021-08-01 00:00:00",185,0.0348
"India","Sports","2021-09-01 00:00:00",167,0.0349
"India","Sports","2021-10-01 00:00:00",235,0.0339
"India","Sports","2021-11-01 00:00:00",145,0.0268
"India","Sports","2021-12-01 00:00:00",103,0.0324
"India","Sports","2022-01-01 00:00:00",78,0.0268
"India","Sports","2022-02-01 00:00:00",111,0.0395
"India","Sports","2022-03-01 00:00:00",153,0.0340
"India","Sports","2022-04-01 00:00:00",62,0.0306
"India","Sports","2022-05-01 00:00:00",92,0.0440
"India","Sports","2022-06-01 00:00:00",78,0.0260
"India","Sports","2022-07-01 00:00:00",136,0.0276
"India","Sports","2022-08-01 00:00:00",87,0.0324
"India","Sports","2022-09-01 00:00:00",109,0.0320
"India","Sports","2022-10-01 00:00:00",182,0.0363
"India","Sports","2022-11-01 00:00:00",230,0.0499
"India","Sports","2022-12-01 00:00:00",194,0.0214
"India","Sports","2023-01-01 00:00:00",137,0.0244
"India","Sports","2023-02-01 00:00:00",81,0.0336
"India","Sports","2023-03-01 00:00:00",206,0.0283
"India","Sports","2023-04-01 00:00:00",135,0.0272
"India","Sports","2023-05-01 00:00:00",163,0.0321
"India","Sports","2023-06-01 00:00:00",157,0.0304
"India","Sports","2023-07-01 00:00:00",160,0.0236
"India","Sports","2023-08-01 00:00:00",153,0.0213
"India","Sports","2023-09-01 00:00:00",278,0.0194
"India","Sports","2023-10-01 00:00:00",168,0.0321
"India","Sports","2023-11-01 00:00:00",246,0.0226
"India","Sports","2023-12-01 00:00:00",161,0.0163
"India","Sports","2024-01-01 00:00:00",127,0.0201
"India","Sports","2024-02-01 00:00:00",163,0.0281
"India","Sports","2024-03-01 00:00:00",179,0.0300
"India","Sports","2024-04-01 00:00:00",44,0.0394
"India","Travel & Events","2020-08-01 00:00:00",30,0.1006
"India","Travel & Events","2020-09-01 00:00:00",42,0.0665
"India","Travel & Events","2020-10-01 00:00:00",62,0.1041
"India","Travel & Events","2020-11-01 00:00:00",44,0.0981
"India","Travel & Events","2020-12-01 00:00:00",13,0.1201
"India","Travel & Events","2021-01-01 00:00:00",30,0.1006
"India","Travel & Events","2021-02-01 00:00:00",28,0.1018
"India","Travel & Events","2021-03-01 00:00:00",34,0.0830
"India","Travel & Events","2021-04-01 00:00:00",27,0.0771
"India","Travel & Events","2021-05-01 00:00:00",18,0.0946
"India","Travel & Events","2021-06-01 00:00:00",48,0.1009
"India","Travel & Events","2021-07-01 00:00:00",36,0.0824
"India","Travel & Events","2021-08-01 00:00:00",26,0.0547
"India","Travel & Events","2021-09-01 00:00:00",47,0.1061
"India","Travel & Events","2021-10-01 00:00:00",19,0.1146
"India","Travel & Events","2021-11-01 00:00:00",18,0.0836
"India","Travel & Events","2021-12-01 00:00:00",31,0.0590
"India","Travel & Events","2022-01-01 00:00:00",23,0.0885
"India","Travel & Events","2022-02-01 00:00:00",29,0.0592
"India","Travel & Events","2022-03-01 00:00:00",21,0.0725
"India","Travel & Events","2022-04-01 00:00:00",27,0.0626
"India","Travel & Events","2022-05-01 00:00:00",36,0.0777
"India","Travel & Events","2022-06-01 00:00:00",54,0.0930
"India","Travel & Events","2022-07-01 00:00:00",61,0.0696
"India","Travel & Events","2022-08-01 00:00:00",93,0.0687
"India","Travel & Events","2022-09-01 00:00:00",46,0.0922
"India","Travel & Events","2022-10-01 00:00:00",47,0.0872
"India","Travel & Events","2022-11-01 00:00:00",39,0.0748
"India","Travel & Events","2022-12-01 00:00:00",49,0.0735
"India","Travel & Events","2023-01-01 00:00:00",29,0.0882
"India","Travel & Events","2023-02-01 00:00:00",65,0.0794
"India","Travel & Events","2023-03-01 00:00:00",42,0.0484
"India","Travel & Events","2023-04-01 00:00:00",74,0.0739
"India","Travel & Events","2023-05-01 00:00:00",46,0.0713
"India","Travel & Events","2023-06-01 00:00:00",34,0.0560
"India","Travel & Events","2023-07-01 00:00:00",47,0.0570
"India","Travel & Events","2023-08-01 00:00:00",43,0.0989
"India","Travel & Events","2023-09-01 00:00:00",34,0.0899
"India","Travel & Events","2023-10-01 00:00:00",23,0.0807
"India","Travel & Events","2023-11-01 00:00:00",31,0.0856
"India","Travel & Events","2023-12-01 00:00:00",25,0.0481
"India","Travel & Events","2024-01-01 00:00:00",41,0.0541
"India","Travel & Events","2024-02-01 00:00:00",42,0.0515
"India","Travel & Events","2024-03-01 00:00:00",36,0.0861
"India","Travel & Events","2024-04-01 00:00:00",22,0.0531
"US","Autos & Vehicles","2020-08-01 00:00:00",74,0.0331
"US","Autos & Vehicles","2020-09-01 00:00:00",125,0.0874
"US","Autos & Vehicles","2020-10-01 00:00:00",95,0.0301
"US","Autos & Vehicles","2020-11-01 00:00:00",112,0.0432
"US","Autos & Vehicles","2020-12-01 00:00:00",149,0.0445
"US","Autos & Vehicles","2021-01-01 00:00:00",107,0.0390
"US","Autos & Vehicles","2021-02-01 00:00:00",121,0.0232
"US","Autos & Vehicles","2021-03-01 00:00:00",84,0.0423
"US","Autos & Vehicles","2021-04-01 00:00:00",67,0.0259
"US","Autos & Vehicles","2021-05-01 00:00:00",85,0.0775
"US","Autos & Vehicles","2021-06-01 00:00:00",177,0.0697
"US","Autos & Vehicles","2021-07-01 00:00:00",102,0.0524
"US","Autos & Vehicles","2021-08-01 00:00:00",120,0.0487
"US","Autos & Vehicles","2021-09-01 00:00:00",87,0.0513
"US","Autos & Vehicles","2021-10-01 00:00:00",110,0.0515
"US","Autos & Vehicles","2021-11-01 00:00:00",122,0.0578
"US","Autos & Vehicles","2021-12-01 00:00:00",90,0.0465
"US","Autos & Vehicles","2022-01-01 00:00:00",117,0.0490
"US","Autos & Vehicles","2022-02-01 00:00:00",129,0.0301
"US","Autos & Vehicles","2022-03-01 00:00:00",54,0.0734
"US","Autos & Vehicles","2022-04-01 00:00:00",83,0.0497
"US","Autos & Vehicles","2022-05-01 00:00:00",102,0.0541
"US","Autos & Vehicles","2022-06-01 00:00:00",96,0.0480
"US","Autos & Vehicles","2022-07-01 00:00:00",144,0.0627
"US","Autos & Vehicles","2022-08-01 00:00:00",128,0.0480
"US","Autos & Vehicles","2022-09-01 00:00:00",86,0.0393
"US","Autos & Vehicles","2022-10-01 00:00:00",99,0.0479
"US","Autos & Vehicles","2022-11-01 00:00:00",100,0.0573
"US","Autos & Vehicles","2022-12-01 00:00:00",185,0.0445
"US","Autos & Vehicles","2023-01-01 00:00:00",174,0.0517
"US","Autos & Vehicles","2023-02-01 00:00:00",161,0.0538
"US","Autos & Vehicles","2023-03-01 00:00:00",176,0.0434
"US","Autos & Vehicles","2023-04-01 00:00:00",188,0.0610
"US","Autos & Vehicles","2023-05-01 00:00:00",120,0.0440
"US","Autos & Vehicles","2023-06-01 00:00:00",145,0.0483
"US","Autos & Vehicles","2023-07-01 00:00:00",126,0.0505
"US","Autos & Vehicles","2023-08-01 00:00:00",163,0.0445
"US","Autos & Vehicles","2023-09-01 00:00:00",96,0.0487
"US","Autos & Vehicles","2023-10-01 00:00:00",151,0.0488
"US","Autos & Vehicles","2023-11-01 00:00:00",111,0.0569
"US","Autos & Vehicles","2023-12-01 00:00:00",156,0.0397
"US","Autos & Vehicles","2024-01-01 00:00:00",153,0.0557
"US","Autos & Vehicles","2024-02-01 00:00:00",195,0.0475
"US","Autos & Vehicles","2024-03-01 00:00:00",137,0.0476
"US","Autos & Vehicles","2024-04-01 00:00:00",90,0.0415
"US","Comedy","2020-08-01 00:00:00",257,0.0881
"US","Comedy","2020-09-01 00:00:00",325,0.0948
"US","Comedy","2020-10-01 00:00:00",428,0.0937
"US","Comedy","2020-11-01 00:00:00",377,0.0919
"US","Comedy","2020-12-01 00:00:00",290,0.0757
"US","Comedy","2021-01-01 00:00:00",338,0.0857
"US","Comedy","2021-02-01 00:00:00",271,0.0710
"US","Comedy","2021-03-01 00:00:00",381,0.0787
"US","Comedy","2021-04-01 00:00:00",267,0.0781
"US","Comedy","2021-05-01 00:00:00",203,0.0668
"US","Comedy","2021-06-01 00:00:00",418,0.0595
"US","Comedy","2021-07-01 00:00:00",292,0.0923
"US","Comedy","2021-08-01 00:00:00",300,0.0851
"US","Comedy","2021-09-01 00:00:00",336,0.0835
"US","Comedy","2021-10-01 00:00:00",443,0.0455
"US","Comedy","2021-11-01 00:00:00",380,0.0771
"US","Comedy","2021-12-01 00:00:00",517,0.0873
"US","Comedy","2022-01-01 00:00:00",391,0.0905
"US","Comedy","2022-02-01 00:00:00",347,0.0821
"US","Comedy","2022-03-01 00:00:00",286,0.0758
"US","Comedy","2022-04-01 00:00:00",303,0.0474
"US","Comedy","2022-05-01 00:00:00",300,0.0683
"US","Comedy","2022-06-01 00:00:00",285,0.0766
"US","Comedy","2022-07-01 00:00:00",254,0.0735
"US","Comedy","2022-08-01 00:00:00",286,0.0696
"US","Comedy","2022-09-01 00:00:00",191,0.0707
"US","Comedy","2022-10-01 00:00:00",286,0.0718
"US","Comedy","2022-11-01 00:00:00",373,0.0600
"US","Comedy","2022-12-01 00:00:00",291,0.0524
"US","Comedy","2023-01-01 00:00:00",258,0.0650
"US","Comedy","2023-02-01 00:00:00",250,0.0571
"US","Comedy","2023-03-01 00:00:00",256,0.0719
"US","Comedy","2023-04-01 00:00:00",262,0.0619
"US","Comedy","2023-05-01 00:00:00",271,0.0637
"US","Comedy","2023-06-01 00:00:00",166,0.0953
"US","Comedy","2023-07-01 00:00:00",248,0.0724
"US","Comedy","2023-08-01 00:00:00",242,0.0794
"US","Comedy","2023-09-01 00:00:00",216,0.0774
"US","Comedy","2023-10-01 00:00:00",230,0.0562
"US","Comedy","2023-11-01 00:00:00",253,0.0720
"US","Comedy","2023-12-01 00:00:00",278,0.0693
"US","Comedy","2024-01-01 00:00:00",241,0.0642
"US","Comedy","2024-02-01 00:00:00",182,0.0621
"US","Comedy","2024-03-01 00:00:00",280,0.0603
"US","Comedy","2024-04-01 00:00:00",134,0.0491
"US","Education","2020-08-01 00:00:00",94,0.0774
"US","Education","2020-09-01 00:00:00",147,0.0712
"US","Education","2020-10-01 00:00:00",126,0.0776
"US","Education","2020-11-01 00:00:00",109,0.0869
"US","Education","2020-12-01 00:00:00",150,0.0574
"US","Education","2021-01-01 00:00:00",110,0.0572
"US","Education","2021-02-01 00:00:00",117,0.0747
"US","Education","2021-03-01 00:00:00",127,0.0781
"US","Education","2021-04-01 00:00:00",112,0.0551
"US","Education","2021-05-01 00:00:00",154,0.0808
"US","Education","2021-06-01 00:00:00",168,0.0755
"US","Education","2021-07-01 00:00:00",128,0.0603
"US","Education","2021-08-01 00:00:00",128,0.0256
"US","Education","2021-09-01 00:00:00",126,0.0593
"US","Education","2021-10-01 00:00:00",153,0.0648
"US","Education","2021-11-01 00:00:00",175,0.0596
"US","Education","2021-12-01 00:00:00",220,0.0632
"US","Education","2022-01-01 00:00:00",236,0.0736
"US","Education","2022-02-01 00:00:00",144,0.0532
"US","Education","2022-03-01 00:00:00",126,0.0533
"US","Education","2022-04-01 00:00:00",116,0.0523
"US","Education","2022-05-01 00:00:00",157,0.0544
"US","Education","2022-06-01 00:00:00",126,0.0592
"US","Education","2022-07-01 00:00:00",146,0.0620
"US","Education","2022-08-01 00:00:00",163,0.0516
"US","Education","2022-09-01 00:00:00",157,0.0518
"US","Education","2022-10-01 00:00:00",169,0.0552
"US","Education","2022-11-01 00:00:00",184,0.0533
"US","Education","2022-12-01 00:00:00",190,0.0510
"US","Education","2023-01-01 00:00:00",134,0.0479
"US","Education","2023-02-01 00:00:00",150,0.0634
"US","Education","2023-03-01 00:00:00",174,0.0551
"US","Education","2023-04-01 00:00:00",155,0.0563
"US","Education","2023-05-01 00:00:00",136,0.0479
"US","Education","2023-06-01 00:00:00",141,0.0564
"US","Education","2023-07-01 00:00:00",179,0.0590
"US","Education","2023-08-01 00:00:00",158,0.0523
"US","Education","2023-09-01 00:00:00",143,0.0525
"US","Education","2023-10-01 00:00:00",163,0.0541
"US","Education","2023-11-01 00:00:00",143,0.0468
"US","Education","2023-12-01 00:00:00",181,0.0490
"US","Education","2024-01-01 00:00:00",177,0.0681
"US","Education","2024-02-01 00:00:00",116,0.0523
"US","Education","2024-03-01 00:00:00",191,0.0472
"US","Education","2024-04-01 00:00:00",56,0.0455
"US","Entertainment","2020-08-01 00:00:00",859,0.0722
"US","Entertainment","2020-09-01 00:00:00",988,0.0709
"US","Entertainment","2020-10-01 00:00:00",1144,0.0611
"US","Entertainment","2020-11-01 00:00:00",1068,0.0639
"US","Entertainment","2020-12-01 00:00:00",1240,0.0680
"US","Entertainment","2021-01-01 00:00:00",1161,0.0668
"US","Entertainment","2021-02-01 00:00:00",1216,0.0554
"US","Entertainment","2021-03-01 00:00:00",1363,0.0554
"US","Entertainment","2021-04-01 00:00:00",1340,0.0501
"US","Entertainment","2021-05-01 00:00:00",1195,0.0476
"US","Entertainment","2021-06-01 00:00:00",1863,0.0457
"US","Entertainment","2021-07-01 00:00:00",1245,0.0398
"US","Entertainment","2021-08-01 00:00:00",1208,0.0458
"US","Entertainment","2021-09-01 00:00:00",1089,0.0549
"US","Entertainment","2021-10-01 00:00:00",1128,0.0584
"US","Entertainment","2021-11-01 00:00:00",1237,0.0692
"US","Entertainment","2021-12-01 00:00:00",1282,0.0613
"US","Entertainment","2022-01-01 00:00:00",1295,0.0585
"US","Entertainment","2022-02-01 00:00:00",1035,0.0542
"US","Entertainment","2022-03-01 00:00:00",1212,0.0564
"US","Entertainment","2022-04-01 00:00:00",1283,0.0467
"US","Entertainment","2022-05-01 00:00:00",1223,0.0389
"US","Entertainment","2022-06-01 00:00:00",1156,0.0481
"US","Entertainment","2022-07-01 00:00:00",1370,0.0455
"US","Entertainment","2022-08-01 00:00:00",1082,0.0476
"US","Entertainment","2022-09-01 00:00:00",1074,0.0480
"US","Entertainment","2022-10-01 00:00:00",1204,0.0490
"US","Entertainment","2022-11-01 00:00:00",1133,0.0430
"US","Entertainment","2022-12-01 00:00:00",1363,0.0405
"US","Entertainment","2023-01-01 00:00:00",1309,0.0481
"US","Entertainment","2023-02-01 00:00:00",1111,0.0479
"US","Entertainment","2023-03-01 00:00:00",1170,0.0458
"US","Entertainment","2023-04-01 00:00:00",1175,0.0376
"US","Entertainment","2023-05-01 00:00:00",1241,0.0406
"US","Entertainment","2023-06-01 00:00:00",1171,0.0405
"US","Entertainment","2023-07-01 00:00:00",1360,0.0371
"US","Entertainment","2023-08-01 00:00:00",1151,0.0429
"US","Entertainment","2023-09-01 00:00:00",1069,0.0389
"US","Entertainment","2023-10-01 00:00:00",1128,0.0394
"US","Entertainment","2023-11-01 00:00:00",1357,0.0450
"US","Entertainment","2023-12-01 00:00:00",1223,0.0387
"US","Entertainment","2024-01-01 00:00:00",1398,0.0379
"US","Entertainment","2024-02-01 00:00:00",1236,0.0360
"US","Entertainment","2024-03-01 00:00:00",1186,0.0365
"US","Entertainment","2024-04-01 00:00:00",593,0.0260
"US","Film & Animation","2020-08-01 00:00:00",157,0.0571
"US","Film & Animation","2020-09-01 00:00:00",219,0.0533
"US","Film & Animation","2020-10-01 00:00:00",218,0.0612
"US","Film & Animation","2020-11-01 00:00:00",209,0.0621
"US","Film & Animation","2020-12-01 00:00:00",256,0.0701
"US","Film & Animation","2021-01-01 00:00:00",261,0.0472
"US","Film & Animation","2021-02-01 00:00:00",224,0.0533
"US","Film & Animation","2021-03-01 00:00:00",242,0.0434
"US","Film & Animation","2021-04-01 00:00:00",213,0.0383
"US","Film & Animation","2021-05-01 00:00:00",181,0.0374
"US","Film & Animation","2021-06-01 00:00:00",344,0.0643
"US","Film & Animation","2021-07-01 00:00:00",214,0.0371
"US","Film & Animation","2021-08-01 00:00:00",247,0.0597
"US","Film & Animation","2021-09-01 00:00:00",201,0.0384
"US","Film & Animation","2021-10-01 00:00:00",263,0.0414
"US","Film & Animation","2021-11-01 00:00:00",242,0.0470
"US","Film & Animation","2021-12-01 00:00:00",316,0.0537
"US","Film & Animation","2022-01-01 00:00:00",250,0.0497
"US","Film & Animation","2022-02-01 00:00:00",229,0.0369
"US","Film & Animation","2022-03-01 00:00:00",229,0.0540
"US","Film & Animation","2022-04-01 00:00:00",209,0.0434
"US","Film & Animation","2022-05-01 00:00:00",316,0.0537
"US","Film & Animation","2022-06-01 00:00:00",230,0.0289
"US","Film & Animation","2022-07-01 00:00:00",298,0.0248
"US","Film & Animation","2022-08-01 00:00:00",240,0.0451
"US","Film & Animation","2022-09-01 00:00:00",222,0.0486
"US","Film & Animation","2022-10-01 00:00:00",277,0.0568
"US","Film & Animation","2022-11-01 00:00:00",235,0.0355
"US","Film & Animation","2022-12-01 00:00:00",243,0.0401
"US","Film & Animation","2023-01-01 00:00:00",228,0.0307
"US","Film & Animation","2023-02-01 00:00:00",192,0.0261
"US","Film & Animation","2023-03-01 00:00:00",223,0.0350
"US","Film & Animation","2023-04-01 00:00:00",255,0.0268
"US","Film & Animation","2023-05-01 00:00:00",264,0.0229
"US","Film & Animation","2023-06-01 00:00:00",213,0.0260
"US","Film & Animation","2023-07-01 00:00:00",239,0.0209
"US","Film & Animation","2023-08-01 00:00:00",293,0.0373
"US","Film & Animation","2023-09-01 00:00:00",306,0.0319
"US","Film & Animation","2023-10-01 00:00:00",271,0.0432
"US","Film & Animation","2023-11-01 00:00:00",242,0.0497
"US","Film & Animation","2023-12-01 00:00:00",319,0.0411
"US","Film & Animation","2024-01-01 00:00:00",206,0.0497
"US","Film & Animation","2024-02-01 00:00:00",224,0.0295
"US","Film & Animation","2024-03-01 00:00:00",273,0.0368
"US","Film & Animation","2024-04-01 00:00:00",190,0.0599
"US","Gaming","2020-08-01 00:00:00",311,0.0633
"US","Gaming","2020-09-01 00:00:00",522,0.0526
"US","Gaming","2020-10-01 00:00:00",552,0.0506
"US","Gaming","2020-11-01 00:00:00",605,0.0675
"US","Gaming","2020-12-01 00:00:00",627,0.0580
"US","Gaming","2021-01-01 00:00:00",688,0.0573
"US","Gaming","2021-02-01 00:00:00",821,0.0633
"US","Gaming","2021-03-01 00:00:00",1200,0.0585
"US","Gaming","2021-04-01 00:00:00",1270,0.0554
"US","Gaming","2021-05-01 00:00:00",918,0.0498
"US","Gaming","2021-06-01 00:00:00",2239,0.0620
"US","Gaming","2021-07-01 00:00:00",1314,0.0625
"US","Gaming","2021-08-01 00:00:00",1279,0.0655
"US","Gaming","2021-09-01 00:00:00",1310,0.0664
"US","Gaming","2021-10-01 00:00:00",1494,0.0604
"US","Gaming","2021-11-01 00:00:00",1396,0.0600
"US","Gaming","2021-12-01 00:00:00",1277,0.0618
"US","Gaming","2022-01-01 00:00:00",1338,0.0563
"US","Gaming","2022-02-01 00:00:00",1276,0.0540
"US","Gaming","2022-03-01 00:00:00",1299,0.0589
"US","Gaming","2022-04-01 00:00:00",1324,0.0544
"US","Gaming","2022-05-01 00:00:00",1312,0.0516
"US","Gaming","2022-06-01 00:00:00",1496,0.0455
"US","Gaming","2022-07-01 00:00:00",1512,0.0754
"US","Gaming","2022-08-01 00:00:00",1562,0.0606
"US","Gaming","2022-09-01 00:00:00",1388,0.0531
"US","Gaming","2022-10-01 00:00:00",1288,0.0667
"US","Gaming","2022-11-01 00:00:00",1129,0.0554
"US","Gaming","2022-12-01 00:00:00",1414,0.0495
"US","Gaming","2023-01-01 00:00:00",1153,0.0559
"US","Gaming","2023-02-01 00:00:00",1273,0.0566
"US","Gaming","2023-03-01 00:00:00",1332,0.0523
"US","Gaming","2023-04-01 00:00:00",1173,0.0529
"US","Gaming","2023-05-01 00:00:00",1261,0.0494
"US","Gaming","2023-06-01 00:00:00",1396,0.0505
"US","Gaming","2023-07-01 00:00:00",1141,0.0525
"US","Gaming","2023-08-01 00:00:00",1475,0.0451
"US","Gaming","2023-09-01 00:00:00",944,0.0503
"US","Gaming","2023-10-01 00:00:00",1209,0.0566
"US","Gaming","2023-11-01 00:00:00",1243,0.0489
"US","Gaming","2023-12-01 00:00:00",1412,0.0693
"US","Gaming","2024-01-01 00:00:00",989,0.0578
"US","Gaming","2024-02-01 00:00:00",1328,0.0502
"US","Gaming","2024-03-01 00:00:00",1263,0.0547
"US","Gaming","2024-04-01 00:00:00",489,0.0558
"US","Howto & Style","2020-08-01 00:00:00",159,0.0686
"US","Howto & Style","2020-09-01 00:00:00",304,0.0652
"US","Howto & Style","2020-10-01 00:00:00",258,0.0640
"US","Howto & Style","2020-11-01 00:00:00",321,0.0517
"US","Howto & Style","2020-12-01 00:00:00",268,0.0557
"US","Howto & Style","2021-01-01 00:00:00",241,0.0524
"US","Howto & Style","2021-02-01 00:00:00",199,0.0217
"US","Howto & Style","2021-03-01 00:00:00",208,0.0575
"US","Howto & Style","2021-04-01 00:00:00",160,0.0565
"US","Howto & Style","2021-05-01 00:00:00",79,0.0368
"US","Howto & Style","2021-06-01 00:00:00",240,0.0570
"US","Howto & Style","2021-07-01 00:00:00",144,0.0748
"US","Howto & Style","2021-08-01 00:00:00",128,0.0664
"US","Howto & Style","2021-09-01 00:00:00",144,0.0562
"US","Howto & Style","2021-10-01 00:00:00",136,0.0537
"US","Howto & Style","2021-11-01 00:00:00",150,0.0513
"US","Howto & Style","2021-12-01 00:00:00",104,0.0572
"US","Howto & Style","2022-01-01 00:00:00",205,0.0780
"US","Howto & Style","2022-02-01 00:00:00",151,0.0543
"US","Howto & Style","2022-03-01 00:00:00",148,0.0620
"US","Howto & Style","2022-04-01 00:00:00",174,0.0576
"US","Howto & Style","2022-05-01 00:00:00",126,0.0577
"US","Howto & Style","2022-06-01 00:00:00",157,0.0587
"US","Howto & Style","2022-07-01 00:00:00",113,0.0587
"US","Howto & Style","2022-08-01 00:00:00",134,0.0613
"US","Howto & Style","2022-09-01 00:00:00",108,0.0570
"US","Howto & Style","2022-10-01 00:00:00",119,0.0728
"US","Howto & Style","2022-11-01 00:00:00",124,0.0585
"US","Howto & Style","2022-12-01 00:00:00",97,0.0607
"US","Howto & Style","2023-01-01 00:00:00",172,0.0549
"US","Howto & Style","2023-02-01 00:00:00",84,0.0632
"US","Howto & Style","2023-03-01 00:00:00",123,0.0403
"US","Howto & Style","2023-04-01 00:00:00",110,0.0445
"US","Howto & Style","2023-05-01 00:00:00",141,0.0654
"US","Howto & Style","2023-06-01 00:00:00",94,0.0415
"US","Howto & Style","2023-07-01 00:00:00",98,0.0433
"US","Howto & Style","2023-08-01 00:00:00",121,0.0562
"US","Howto & Style","2023-09-01 00:00:00",135,0.0425
"US","Howto & Style","2023-10-01 00:00:00",154,0.0476
"US","Howto & Style","2023-11-01 00:00:00",201,0.0410
"US","Howto & Style","2023-12-01 00:00:00",131,0.0499
"US","Howto & Style","2024-01-01 00:00:00",224,0.0550
"US","Howto & Style","2024-02-01 00:00:00",139,0.0496
"US","Howto & Style","2024-03-01 00:00:00",168,0.0536
"US","Howto & Style","2024-04-01 00:00:00",106,0.0485
"US","Music","2020-08-01 00:00:00",908,0.0861
"US","Music","2020-09-01 00:00:00",1393,0.0830
"US","Music","2020-10-01 00:00:00",1333,0.0798
"US","Music","2020-11-01 00:00:00",1357,0.0784
"US","Music","2020-12-01 00:00:00",1246,0.0660
"US","Music","2021-01-01 00:00:00",1093,0.0678
"US","Music","2021-02-01 00:00:00",987,0.0714
"US","Music","2021-03-01 00:00:00",1274,0.0703
"US","Music","2021-04-01 00:00:00",961,0.0807
"US","Music","2021-05-01 00:00:00",994,0.0711
"US","Music","2021-06-01 00:00:00",1331,0.0762
"US","Music","2021-07-01 00:00:00",1023,0.0873
"US","Music","2021-08-01 00:00:00",1162,0.0698
"US","Music","2021-09-01 00:00:00",976,0.0895
"US","Music","2021-10-01 00:00:00",875,0.0704
"US","Music","2021-11-01 00:00:00",651,0.0581
"US","Music","2021-12-01 00:00:00",724,0.0651
"US","Music","2022-01-01 00:00:00",680,0.0571
"US","Music","2022-02-01 00:00:00",590,0.0603
"US","Music","2022-03-01 00:00:00",937,0.0663
"US","Music","2022-04-01 00:00:00",911,0.0664
"US","Music","2022-05-01 00:00:00",1048,0.0664
"US","Music","2022-06-01 00:00:00",979,0.0870
"US","Music","2022-07-01 00:00:00",942,0.0744
"US","Music","2022-08-01 00:00:00",1046,0.0746
"US","Music","2022-09-01 00:00:00",920,0.0690
"US","Music","2022-10-01 00:00:00",1020,0.0616
"US","Music","2022-11-01 00:00:00",973,0.0689
"US","Music","2022-12-01 00:00:00",668,0.0698
"US","Music","2023-01-01 00:00:00",693,0.0505
"US","Music","2023-02-01 00:00:00",866,0.0504
"US","Music","2023-03-01 00:00:00",1033,0.0656
"US","Music","2023-04-01 00:00:00",971,0.0665
"US","Music","2023-05-01 00:00:00",1254,0.0486
"US","Music","2023-06-01 00:00:00",936,0.0631
"US","Music","2023-07-01 00:00:00",1092,0.0685
"US","Music","2023-08-01 00:00:00",1009,0.0599
"US","Music","2023-09-01 00:00:00",914,0.0579
"US","Music","2023-10-01 00:00:00",1068,0.0626
"US","Music","2023-11-01 00:00:00",901,0.0470
"US","Music","2023-12-01 00:00:00",796,0.0660
"US","Music","2024-01-01 00:00:00",737,0.0542
"US","Music","2024-02-01 00:00:00",758,0.0501
"US","Music","2024-03-01 00:00:00",836,0.0596
"US","Music","2024-04-01 00:00:00",532,0.0454
"US","News & Politics","2020-08-01 00:00:00",232,0.0235
"US","News & Politics","2020-09-01 00:00:00",219,0.0215
"US","News & Politics","2020-10-01 00:00:00",196,0.0218
"US","News & Politics","2020-11-01 00:00:00",270,0.0085
"US","News & Politics","2020-12-01 00:00:00",121,0.0490
"US","News & Politics","2021-01-01 00:00:00",419,0.0220
"US","News & Politics","2021-02-01 00:00:00",152,0.0230
"US","News & Politics","2021-03-01 00:00:00",260,0.0175
"US","News & Politics","2021-04-01 00:00:00",246,0.0185
"US","News & Politics","2021-05-01 00:00:00",256,0.0133
"US","News & Politics","2021-06-01 00:00:00",154,0.0104
"US","News & Politics","2021-07-01 00:00:00",216,0.0183
"US","News & Politics","2021-08-01 00:00:00",255,0.0184
"US","News & Politics","2021-09-01 00:00:00",252,0.0166
"US","News & Politics","2021-10-01 00:00:00",117,0.0204
"US","News & Politics","2021-11-01 00:00:00",129,0.0211
"US","News & Politics","2021-12-01 00:00:00",88,0.0163
"US","News & Politics","2022-01-01 00:00:00",230,0.0149
"US","News & Politics","2022-02-01 00:00:00",265,0.0143
"US","News & Politics","2022-03-01 00:00:00",534,0.0130
"US","News & Politics","2022-04-01 00:00:00",266,0.0171
"US","News & Politics","2022-05-01 00:00:00",292,0.0149
"US","News & Politics","2022-06-01 00:00:00",209,0.0216
"US","News & Politics","2022-07-01 00:00:00",147,0.0218
"US","News & Politics","2022-08-01 00:00:00",163,0.0168
"US","News & Politics","2022-09-01 00:00:00",344,0.0115
"US","News & Politics","2022-10-01 00:00:00",225,0.0108
"US","News & Politics","2022-11-01 00:00:00",264,0.0140
"US","News & Politics","2022-12-01 00:00:00",202,0.0187
"US","News & Politics","2023-01-01 00:00:00",289,0.0181
"US","News & Politics","2023-02-01 00:00:00",151,0.0154
"US","News & Politics","2023-03-01 00:00:00",151,0.0133
"US","News & Politics","2023-04-01 00:00:00",117,0.0142
"US","News & Politics","2023-05-01 00:00:00",129,0.0156
"US","News & Politics","2023-06-01 00:00:00",239,0.0141
"US","News & Politics","2023-07-01 00:00:00",122,0.0148
"US","News & Politics","2023-08-01 00:00:00",199,0.0183
"US","News & Politics","2023-09-01 00:00:00",144,0.0199
"US","News & Politics","2023-10-01 00:00:00",198,0.0116
"US","News & Politics","2023-11-01 00:00:00",102,0.0168
"US","News & Politics","2023-12-01 00:00:00",186,0.0241
"US","News & Politics","2024-01-01 00:00:00",353,0.0156
"US","News & Politics","2024-02-01 00:00:00",208,0.0198
"US","News & Politics","2024-03-01 00:00:00",218,0.0159
"US","News & Politics","2024-04-01 00:00:00",140,0.0099
"US","Nonprofits & Activism","2020-09-01 00:00:00",9,0.0157
"US","Nonprofits & Activism","2020-10-01 00:00:00",16,0.1240
"US","Nonprofits & Activism","2021-04-01 00:00:00",6,0.0435
"US","Nonprofits & Activism","2021-05-01 00:00:00",22,0.0625
"US","Nonprofits & Activism","2021-06-01 00:00:00",10,0.0541
"US","Nonprofits & Activism","2021-07-01 00:00:00",5,0.0653
"US","Nonprofits & Activism","2021-09-01 00:00:00",17,0.1261
"US","Nonprofits & Activism","2021-10-01 00:00:00",1,0.0414
"US","Nonprofits & Activism","2021-11-01 00:00:00",2,0.0418
"US","Nonprofits & Activism","2022-04-01 00:00:00",25,0.0151
"US","Nonprofits & Activism","2022-05-01 00:00:00",1,0.0150
"US","Nonprofits & Activism","2023-10-01 00:00:00",5,0.0000
"US","Nonprofits & Activism","2023-11-01 00:00:00",1,0.0000
"US","People & Blogs","2020-08-01 00:00:00",358,0.0732
"US","People & Blogs","2020-09-01 00:00:00",503,0.0737
"US","People & Blogs","2020-10-01 00:00:00",476,0.0599
"US","People & Blogs","2020-11-01 00:00:00",506,0.0578
"US","People & Blogs","2020-12-01 00:00:00",438,0.0558
"US","People & Blogs","2021-01-01 00:00:00",535,0.0669
"US","People & Blogs","2021-02-01 00:00:00",463,0.0796
"US","People & Blogs","2021-03-01 00:00:00",545,0.0605
"US","People & Blogs","2021-04-01 00:00:00",545,0.0554
"US","People & Blogs","2021-05-01 00:00:00",447,0.0657
"US","People & Blogs","2021-06-01 00:00:00",662,0.0431
"US","People & Blogs","2021-07-01 00:00:00",662,0.0612
"US","People & Blogs","2021-08-01 00:00:00",452,0.0679
"US","People & Blogs","2021-09-01 00:00:00",654,0.0747
"US","People & Blogs","2021-10-01 00:00:00",489,0.0655
"US","People & Blogs","2021-11-01 00:00:00",555,0.0647
"US","People & Blogs","2021-12-01 00:00:00",693,0.0584
"US","People & Blogs","2022-01-01 00:00:00",712,0.0708
"US","People & Blogs","2022-02-01 00:00:00",607,0.0715
"US","People & Blogs","2022-03-01 00:00:00",680,0.0494
"US","People & Blogs","2022-04-01 00:00:00",545,0.0637
"US","People & Blogs","2022-05-01 00:00:00",457,0.0669
"US","People & Blogs","2022-06-01 00:00:00",453,0.0602
"US","People & Blogs","2022-07-01 00:00:00",423,0.0654
"US","People & Blogs","2022-08-01 00:00:00",508,0.0596
"US","People & Blogs","2022-09-01 00:00:00",558,0.0505
"US","People & Blogs","2022-10-01 00:00:00",461,0.0600
"US","People & Blogs","2022-11-01 00:00:00",486,0.0637
"US","People & Blogs","2022-12-01 00:00:00",485,0.0540
"US","People & Blogs","2023-01-01 00:00:00",569,0.0608
"US","People & Blogs","2023-02-01 00:00:00",453,0.0584
"US","People & Blogs","2023-03-01 00:00:00",497,0.0417
"US","People & Blogs","2023-04-01 00:00:00",432,0.0512
"US","People & Blogs","2023-05-01 00:00:00",421,0.0627
"US","People & Blogs","2023-06-01 00:00:00",563,0.0667
"US","People & Blogs","2023-07-01 00:00:00",419,0.0628
"US","People & Blogs","2023-08-01 00:00:00",421,0.0600
"US","People & Blogs","2023-09-01 00:00:00",410,0.0526
"US","People & Blogs","2023-10-01 00:00:00",433,0.0426
"US","People & Blogs","2023-11-01 00:00:00",451,0.0614
"US","People & Blogs","2023-12-01 00:00:00",494,0.0549
"US","People & Blogs","2024-01-01 00:00:00",542,0.0549
"US","People & Blogs","2024-02-01 00:00:00",464,0.0494
"US","People & Blogs","2024-03-01 00:00:00",514,0.0434
"US","People & Blogs","2024-04-01 00:00:00",212,0.0370
"US","Pets & Animals","2020-08-01 00:00:00",34,0.0622
"US","Pets & Animals","2020-09-01 00:00:00",68,0.0513
"US","Pets & Animals","2020-10-01 00:00:00",21,0.0834
"US","Pets & Animals","2020-11-01 00:00:00",20,0.0487
"US","Pets & Animals","2020-12-01 00:00:00",25,0.0504
"US","Pets & Animals","2021-01-01 00:00:00",50,0.0377
"US","Pets & Animals","2021-02-01 00:00:00",27,0.0587
"US","Pets & Animals","2021-03-01 00:00:00",46,0.0578
"US","Pets & Animals","2021-04-01 00:00:00",19,0.0482
"US","Pets & Animals","2021-05-01 00:00:00",18,0.0469
"US","Pets & Animals","2021-06-01 00:00:00",29,0.0469
"US","Pets & Animals","2021-07-01 00:00:00",26,0.0547
"US","Pets & Animals","2021-08-01 00:00:00",47,0.0524
"US","Pets & Animals","2021-09-01 00:00:00",32,0.0589
"US","Pets & Animals","2021-10-01 00:00:00",25,0.0682
"US","Pets & Animals","2021-11-01 00:00:00",28,0.0637
"US","Pets & Animals","2022-01-01 00:00:00",13,0.0393
"US","Pets & Animals","2022-02-01 00:00:00",23,0.0748
"US","Pets & Animals","2022-03-01 00:00:00",14,0.0375
"US","Pets & Animals","2022-04-01 00:00:00",33,0.0617
"US","Pets & Animals","2022-05-01 00:00:00",18,0.0378
"US","Pets & Animals","2022-06-01 00:00:00",13,0.0501
"US","Pets & Animals","2022-07-01 00:00:00",21,0.0465
"US","Pets & Animals","2022-08-01 00:00:00",34,0.0330
"US","Pets & Animals","2022-09-01 00:00:00",24,0.0351
"US","Pets & Animals","2022-10-01 00:00:00",23,0.0489
"US","Pets & Animals","2022-11-01 00:00:00",29,0.0547
"US","Pets & Animals","2022-12-01 00:00:00",33,0.0265
"US","Pets & Animals","2023-01-01 00:00:00",16,0.0437
"US","Pets & Animals","2023-02-01 00:00:00",23,0.0534
"US","Pets & Animals","2023-03-01 00:00:00",37,0.0451
"US","Pets & Animals","2023-04-01 00:00:00",23,0.0214
"US","Pets & Animals","2023-05-01 00:00:00",40,0.0237
"US","Pets & Animals","2023-06-01 00:00:00",39,0.0394
"US","Pets & Animals","2023-07-01 00:00:00",31,0.0439
"US","Pets & Animals","2023-08-01 00:00:00",10,0.0651
"US","Pets & Animals","2023-09-01 00:00:00",16,0.0441
"US","Pets & Animals","2023-10-01 00:00:00",38,0.0127
"US","Pets & Animals","2023-11-01 00:00:00",12,0.0601
"US","Pets & Animals","2023-12-01 00:00:00",31,0.0127
"US","Pets & Animals","2024-01-01 00:00:00",62,0.0210
"US","Pets & Animals","2024-02-01 00:00:00",29,0.0163
"US","Pets & Animals","2024-03-01 00:00:00",16,0.0314
"US","Pets & Animals","2024-04-01 00:00:00",6,0.0830
"US","Science & Technology","2020-08-01 00:00:00",71,0.0423
"US","Science & Technology","2020-09-01 00:00:00",437,0.0389
"US","Science & Technology","2020-10-01 00:00:00",343,0.0389
"US","Science & Technology","2020-11-01 00:00:00",220,0.0438
"US","Science & Technology","2020-12-01 00:00:00",247,0.0468
"US","Science & Technology","2021-01-01 00:00:00",221,0.0305
"US","Science & Technology","2021-02-01 00:00:00",193,0.0290
"US","Science & Technology","2021-03-01 00:00:00",158,0.0517
"US","Science & Technology","2021-04-01 00:00:00",251,0.0530
"US","Science & Technology","2021-05-01 00:00:00",172,0.0550
"US","Science & Technology","2021-06-01 00:00:00",264,0.0431
"US","Science & Technology","2021-07-01 00:00:00",182,0.0603
"US","Science & Technology","2021-08-01 00:00:00",169,0.0550
"US","Science & Technology","2021-09-01 00:00:00",205,0.0483
"US","Science & Technology","2021-10-01 00:00:00",180,0.0509
"US","Science & Technology","2021-11-01 00:00:00",141,0.0789
"US","Science & Technology","2021-12-01 00:00:00",133,0.0515
"US","Science & Technology","2022-01-01 00:00:00",122,0.0716
"US","Science & Technology","2022-02-01 00:00:00",150,0.0386
"US","Science & Technology","2022-03-01 00:00:00",124,0.0521
"US","Science & Technology","2022-04-01 00:00:00",89,0.0533
"US","Science & Technology","2022-05-01 00:00:00",103,0.0548
"US","Science & Technology","2022-06-01 00:00:00",158,0.0415
"US","Science & Technology","2022-07-01 00:00:00",198,0.0305
"US","Science & Technology","2022-08-01 00:00:00",133,0.0546
"US","Science & Technology","2022-09-01 00:00:00",256,0.0279
"US","Science & Technology","2022-10-01 00:00:00",126,0.0405
"US","Science & Technology","2022-11-01 00:00:00",126,0.0337
"US","Science & Technology","2022-12-01 00:00:00",178,0.0469
"US","Science & Technology","2023-01-01 00:00:00",177,0.0346
"US","Science & Technology","2023-02-01 00:00:00",142,0.0098
"US","Science & Technology","2023-03-01 00:00:00",185,0.0523
"US","Science & Technology","2023-04-01 00:00:00",156,0.0387
"US","Science & Technology","2023-05-01 00:00:00",146,0.0458
"US","Science & Technology","2023-06-01 00:00:00",188,0.0281
"US","Science & Technology","2023-07-01 00:00:00",130,0.0285
"US","Science & Technology","2023-08-01 00:00:00",139,0.0439
"US","Science & Technology","2023-09-01 00:00:00",302,0.0347
"US","Science & Technology","2023-10-01 00:00:00",153,0.0340
"US","Science & Technology","2023-11-01 00:00:00",214,0.0284
"US","Science & Technology","2023-12-01 00:00:00",210,0.0430
"US","Science & Technology","2024-01-01 00:00:00",193,0.0394
"US","Science & Technology","2024-02-01 00:00:00",178,0.0348
"US","Science & Technology","2024-03-01 00:00:00",210,0.0425
"US","Science & Technology","2024-04-01 00:00:00",83,0.0467
"US","Sports","2020-08-01 00:00:00",461,0.0247
"US","Sports","2020-09-01 00:00:00",722,0.0285
"US","Sports","2020-10-01 00:00:00",768,0.0226
"US","Sports","2020-11-01 00:00:00",600,0.0246
"US","Sports","2020-12-01 00:00:00",733,0.0214
"US","Sports","2021-01-01 00:00:00",925,0.0197
"US","Sports","2021-02-01 00:00:00",585,0.0261
"US","Sports","2021-03-01 00:00:00",505,0.0255
"US","Sports","2021-04-01 00:00:00",530,0.0253
"US","Sports","2021-05-01 00:00:00",454,0.0219
"US","Sports","2021-06-01 00:00:00",1054,0.0216
"US","Sports","2021-07-01 00:00:00",626,0.0284
"US","Sports","2021-08-01 00:00:00",691,0.0311
"US","Sports","2021-09-01 00:00:00",536,0.0271
"US","Sports","2021-10-01 00:00:00",739,0.0448
"US","Sports","2021-11-01 00:00:00",566,0.0286
"US","Sports","2021-12-01 00:00:00",521,0.0241
"US","Sports","2022-01-01 00:00:00",561,0.0305
"US","Sports","2022-02-01 00:00:00",627,0.0303
"US","Sports","2022-03-01 00:00:00",528,0.0334
"US","Sports","2022-04-01 00:00:00",587,0.0227
"US","Sports","2022-05-01 00:00:00",715,0.0217
"US","Sports","2022-06-01 00:00:00",604,0.0246
"US","Sports","2022-07-01 00:00:00",598,0.0251
"US","Sports","2022-08-01 00:00:00",682,0.0249
"US","Sports","2022-09-01 00:00:00",648,0.0251
"US","Sports","2022-10-01 00:00:00",853,0.0239
"US","Sports","2022-11-01 00:00:00",802,0.0374
"US","Sports","2022-12-01 00:00:00",786,0.0211
"US","Sports","2023-01-01 00:00:00",963,0.0193
"US","Sports","2023-02-01 00:00:00",698,0.0268
"US","Sports","2023-03-01 00:00:00",799,0.0254
"US","Sports","2023-04-01 00:00:00",934,0.0201
"US","Sports","2023-05-01 00:00:00",746,0.0219
"US","Sports","2023-06-01 00:00:00",665,0.0206
"US","Sports","2023-07-01 00:00:00",580,0.0228
"US","Sports","2023-08-01 00:00:00",785,0.0199
"US","Sports","2023-09-01 00:00:00",1053,0.0183
"US","Sports","2023-10-01 00:00:00",927,0.0191
"US","Sports","2023-11-01 00:00:00",718,0.0196
"US","Sports","2023-12-01 00:00:00",726,0.0201
"US","Sports","2024-01-01 00:00:00",858,0.0209
"US","Sports","2024-02-01 00:00:00",663,0.0227
"US","Sports","2024-03-01 00:00:00",855,0.0207
"US","Sports","2024-04-01 00:00:00",350,0.0187
"US","Travel & Events","2020-08-01 00:00:00",25,0.0653
"US","Travel & Events","2020-09-01 00:00:00",19,0.0481
"US","Travel & Events","2020-10-01 00:00:00",24,0.0464
"US","Travel & Events","2020-11-01 00:00:00",25,0.0702
"US","Travel & Events","2020-12-01 00:00:00",9,0.0185
"US","Travel & Events","2021-01-01 00:00:00",51,0.0415
"US","Travel & Events","2021-02-01 00:00:00",20,0.0435
"US","Travel & Events","2021-03-01 00:00:00",7,0.0410
"US","Travel & Events","2021-04-01 00:00:00",12,0.0544
"US","Travel & Events","2021-05-01 00:00:00",22,0.0213
"US","Travel & Events","2021-06-01 00:00:00",47,0.0616
"US","Travel & Events","2021-07-01 00:00:00",21,0.0499
"US","Travel & Events","2021-08-01 00:00:00",14,0.0744
"US","Travel & Events","2021-09-01 00:00:00",35,0.0732
"US","Travel & Events","2021-10-01 00:00:00",47,0.0908
"US","Travel & Events","2021-11-01 00:00:00",26,0.0660
"US","Travel & Events","2021-12-01 00:00:00",35,0.0535
"US","Travel & Events","2022-01-01 00:00:00",50,0.0851
"US","Travel & Events","2022-02-01 00:00:00",27,0.0511
"US","Travel & Events","2022-03-01 00:00:00",29,0.0685
"US","Travel & Events","2022-04-01 00:00:00",51,0.0444
"US","Travel & Events","2022-05-01 00:00:00",30,0.0379
"US","Travel & Events","2022-06-01 00:00:00",38,0.0425
"US","Travel & Events","2022-07-01 00:00:00",34,0.0471
"US","Travel & Events","2022-08-01 00:00:00",39,0.0539
"US","Travel & Events","2022-09-01 00:00:00",24,0.0512
"US","Travel & Events","2022-10-01 00:00:00",50,0.0435
"US","Travel & Events","2022-11-01 00:00:00",42,0.0503
"US","Travel & Events","2022-12-01 00:00:00",65,0.0453
"US","Travel & Events","2023-01-01 00:00:00",65,0.0416
"US","Travel & Events","2023-02-01 00:00:00",46,0.0213
"US","Travel & Events","2023-03-01 00:00:00",44,0.0375
"US","Travel & Events","2023-04-01 00:00:00",49,0.0425
"US","Travel & Events","2023-05-01 00:00:00",29,0.0547
"US","Travel & Events","2023-06-01 00:00:00",43,0.0622
"US","Travel & Events","2023-07-01 00:00:00",35,0.0488
"US","Travel & Events","2023-08-01 00:00:00",34,0.0410
"US","Travel & Events","2023-09-01 00:00:00",52,0.0505
"US","Travel & Events","2023-10-01 00:00:00",71,0.0420
"US","Travel & Events","2023-11-01 00:00:00",51,0.0445
"US","Travel & Events","2023-12-01 00:00:00",57,0.0380
"US","Travel & Events","2024-01-01 00:00:00",67,0.0212
"US","Travel & Events","2024-02-01 00:00:00",80,0.0210
"US","Travel & Events","2024-03-01 00:00:00",53,0.0457
"US","Travel & Events","2024-04-01 00:00:00",19,0.0342
